BusinessName,BusinessPhone,City,BusinessType,ReviewCount,PhotoCount
ROCK SOLID CONCEPTS,(805) 896 4750,NIPOMO,lawn,6,10
GREEN CARE LANDSCAPING SOLUTIONS INC,(760) 978 3940,VALLEY CENTER,lawn,11,5
RED MAPLE TREE SERVICE,(619) 981 1176,SAN DIEGO,lawn,21,10
UNIVERSAL TREE SERVICE LLC,(661) 703 8997,BAKERSFIELD,lawn,15,10
FELIX TREE SERVICE INC,(209) 740 5277,MODESTO,lawn,14,3
A V R TREE SERVICE,(707) 994 1849,CLEARLAKE,lawn,23,10
AVALOS GARDENING,(209) 470 0520,STOCKTON,lawn,6,10
A B TREE SERVICE,(831) 737 0016,SALINAS,lawn,13,10
CENTRAL CAL LANDSCAPING,(831) 223 7905,WATSONVILLE,lawn,4,10
MORENO TREE SERVICES,(510) 209 0436,HAYWARD,lawn,12,3
GOLDEN OAKS TREE SERVICES INC,(408) 206 9223,SAN JOSE,lawn,4,10
WB OUTDOOR INC,(951) 704 8381,FALLBROOK,lawn,14,10
HUERTA SABAS LANDSCAPING,(951) 826 9091,BEAUMONT,lawn,5,10
CASTELLANOS LANDSCAPE PRO INC,(916) 990 7165,CITRUS HEIGHTS,lawn,4,10
D & A TREE SERVICE INC,(661) 201 4306,BAKERSFIELD,lawn,19,10
L I U LANDSCAPE INC,(626) 888 9915,TEMPLE CITY,lawn,6,10
GOOD STUMP REMOVAL,(707) 363 7580,NAPA,lawn,10,10
M W TREE SERVICE,(530) 310 9467,SUSANVILLE,lawn,9,2
CASTRO TREE SERVICE,(530) 844 0721,BIGGS,lawn,9,10
HILLCREST LANDSCAPING & CONSTRUCTION,(530) 570 3593,CORNING,lawn,12,10
CORONA'S CONSTRUCTION INC,(707) 888 9994,COTATI,lawn,11,10
ALDIA LANDSCAPE,(714) 351 8886,HUNTINGTON BEACH,lawn,3,3
MINNERS TREE COMPANY INC,(209) 591 3747,SONORA,lawn,16,5
PEFFER'S TREE SERVICE,(209) 401 7189,ARNOLD,lawn,16,10
MENDOZA'S PROFESSIONAL TREE SERVICE,(408) 500 7826,SAN JOSE,lawn,9,9
L BELL'S TREE SERVICE,(916) 961 9001,RIO LINDA,lawn,5,6
JLC GARDENING AND MAINTENANCE LLC,(562) 450 7216,BELLFLOWER,lawn,12,10
PACIFIC PREMIER LANDSCAPE INC,(925) 895 6053,CASTRO VALLEY,lawn,4,10
PACIFIC PREMIER LANDSCAPE INC,(925) 895 6053,CASTRO VALLEY,lawn,4,10
AJG GARDEN SERVICE INC,(209) 628 0207,MERCED,lawn,20,3
MASTERCARE LANDSCAPE AND DESIGN INC,(760) 822 2312,CARLSBAD,lawn,5,10
LGD TREE SERVICES INC,(818) 523 1867,PACOIMA,lawn,6,10
JC'S TREE SERVICE,(559) 805 2814,PORTERVILLE,lawn,16,10
J L TREE CARE,(909) 530 6097,OAK HILLS,lawn,14,10
CESAR'S LANDSCAPING SERVICES LLC,(707) 812 9432,AMERICAN CANYON,lawn,33,10
DANIEL'S LANDSCAPE,(408) 210 2438,HOLLISTER,lawn,46,10
RISING OAK TREE SERVICE,(760) 552 0383,ESCONDIDO,lawn,9,10
SQUIRREL TREE SERVICE,(559) 974 3722,FRESNO,lawn,6,10
MIJANGOS PROFESSIONAL LANDSCAPE SERVICES LLC,(530) 782 2507,REDDING,lawn,11,10
GREEN SOLUTION LANDSCAPING,(619) 788 8701,SAN DIEGO,lawn,10,10
BEST DECISION TREE SERVICE,(925) 791 1312,ANTIOCH,lawn,9,10
ALEMAN MASONRY,(424) 473 2340,WILMINGTON,lawn,20,10
NEW CREATION POOLS INC,(559) 308 6045,VISALIA,lawn,15,6
FERNANDEZ GARDEN OF EDEN INC,(925) 595 9499,PITTSBURG,lawn,7,10
A B LANDSCAPE,(760) 877 1509,TEMECULA,lawn,5,10
LOST COAST TREE AND HABITAT,(707) 496 9607,WHITETHORN,lawn,3,6
PACIFIC PREMIER LANDSCAPE INC,(925) 895 6053,CASTRO VALLEY,lawn,4,10
AJG GARDEN SERVICE INC,(209) 628 0207,MERCED,lawn,20,3
MASTERCARE LANDSCAPE AND DESIGN INC,(760) 822 2312,CARLSBAD,lawn,5,10
LGD TREE SERVICES INC,(818) 523 1867,PACOIMA,lawn,6,10
JC'S TREE SERVICE,(559) 805 2814,PORTERVILLE,lawn,16,10
J L TREE CARE,(909) 530 6097,OAK HILLS,lawn,14,10
CESAR'S LANDSCAPING SERVICES LLC,(707) 812 9432,AMERICAN CANYON,lawn,33,10
DANIEL'S LANDSCAPE,(408) 210 2438,HOLLISTER,lawn,46,10
RISING OAK TREE SERVICE,(760) 552 0383,ESCONDIDO,lawn,9,10
SQUIRREL TREE SERVICE,(559) 974 3722,FRESNO,lawn,6,10
MIJANGOS PROFESSIONAL LANDSCAPE SERVICES LLC,(530) 782 2507,REDDING,lawn,11,10
GREEN SOLUTION LANDSCAPING,(619) 788 8701,SAN DIEGO,lawn,10,10
BEST DECISION TREE SERVICE,(925) 791 1312,ANTIOCH,lawn,9,10
ALEMAN MASONRY,(424) 473 2340,WILMINGTON,lawn,20,10
NEW CREATION POOLS INC,(559) 308 6045,VISALIA,lawn,15,6
FERNANDEZ GARDEN OF EDEN INC,(925) 595 9499,PITTSBURG,lawn,8,10
A B LANDSCAPE,(760) 877 1509,TEMECULA,lawn,5,10
LOST COAST TREE AND HABITAT,(707) 496 9607,WHITETHORN,lawn,3,6
FLORES LANDSCAPING & DESIGN,(916) 895 5426,SACRAMENTO,lawn,5,10
VALLEY PACIFIC TREE SERVICE INC,(209) 482 2730,STOCKTON,lawn,3,10